dataset,dimu_mass,n,weighted:sumw,weighted:sumw2
data,"(-inf, 60.0]",993.0,,
data,"(60.0, 61.0]",38.0,,
data,"(61.0, 62.0]",25.0,,
data,"(62.0, 63.0]",22.0,,
data,"(63.0, 64.0]",28.0,,
data,"(64.0, 65.0]",29.0,,
data,"(65.0, 66.0]",17.0,,
data,"(66.0, 67.0]",37.0,,
data,"(67.0, 68.0]",34.0,,
data,"(68.0, 69.0]",31.0,,
data,"(69.0, 70.0]",39.0,,
data,"(70.0, 71.0]",35.0,,
data,"(71.0, 72.0]",41.0,,
data,"(72.0, 73.0]",34.0,,
data,"(73.0, 74.0]",37.0,,
data,"(74.0, 75.0]",44.0,,
data,"(75.0, 76.0]",55.0,,
data,"(76.0, 77.0]",54.0,,
data,"(77.0, 78.0]",56.0,,
data,"(78.0, 79.0]",70.0,,
data,"(79.0, 80.0]",75.0,,
data,"(80.0, 81.0]",91.0,,
data,"(81.0, 82.0]",109.0,,
data,"(82.0, 83.0]",148.0,,
data,"(83.0, 84.0]",172.0,,
data,"(84.0, 85.0]",224.0,,
data,"(85.0, 86.0]",344.0,,
data,"(86.0, 87.0]",425.0,,
data,"(87.0, 88.0]",682.0,,
data,"(88.0, 89.0]",1139.0,,
data,"(89.0, 90.0]",1794.0,,
data,"(90.0, 91.0]",2202.0,,
data,"(91.0, 92.0]",2112.0,,
data,"(92.0, 93.0]",1571.0,,
data,"(93.0, 94.0]",991.0,,
data,"(94.0, 95.0]",565.0,,
data,"(95.0, 96.0]",339.0,,
data,"(96.0, 97.0]",221.0,,
data,"(97.0, 98.0]",143.0,,
data,"(98.0, 99.0]",143.0,,
data,"(99.0, 100.0]",98.0,,
data,"(100.0, 101.0]",84.0,,
data,"(101.0, 102.0]",53.0,,
data,"(102.0, 103.0]",53.0,,
data,"(103.0, 104.0]",33.0,,
data,"(104.0, 105.0]",28.0,,
data,"(105.0, 106.0]",26.0,,
data,"(106.0, 107.0]",34.0,,
data,"(107.0, 108.0]",22.0,,
data,"(108.0, 109.0]",12.0,,
data,"(109.0, 110.0]",18.0,,
data,"(110.0, 111.0]",14.0,,
data,"(111.0, 112.0]",18.0,,
data,"(112.0, 113.0]",11.0,,
data,"(113.0, 114.0]",11.0,,
data,"(114.0, 115.0]",11.0,,
data,"(115.0, 116.0]",5.0,,
data,"(116.0, 117.0]",13.0,,
data,"(117.0, 118.0]",10.0,,
data,"(118.0, 119.0]",3.0,,
data,"(119.0, 120.0]",7.0,,
data,"(120.0, inf]",222.0,,
dy,"(-inf, 60.0]",821.0,655.57080078125,1017.5491333007812
dy,"(60.0, 61.0]",56.0,23.963226318359375,12.091141700744629
dy,"(61.0, 62.0]",56.0,25.572839736938477,13.094128608703613
dy,"(62.0, 63.0]",68.0,29.271623611450195,14.551395416259766
dy,"(63.0, 64.0]",51.0,22.941726684570312,11.584543228149414
dy,"(64.0, 65.0]",46.0,20.53459930419922,10.06289005279541
dy,"(65.0, 66.0]",65.0,29.464412689208984,14.80356502532959
dy,"(66.0, 67.0]",63.0,27.861013412475586,13.884596824645996
dy,"(67.0, 68.0]",75.0,34.17352294921875,17.18979263305664
dy,"(68.0, 69.0]",64.0,26.97164535522461,13.226688385009766
dy,"(69.0, 70.0]",71.0,32.570892333984375,16.710172653198242
dy,"(70.0, 71.0]",73.0,34.225650787353516,17.51877212524414
dy,"(71.0, 72.0]",89.0,40.59296417236328,20.166593551635742
dy,"(72.0, 73.0]",85.0,38.4106330871582,19.494348526000977
dy,"(73.0, 74.0]",96.0,45.88950729370117,23.790203094482422
dy,"(74.0, 75.0]",97.0,39.3079948425293,18.945411682128906
dy,"(75.0, 76.0]",134.0,59.09033203125,29.643198013305664
dy,"(76.0, 77.0]",146.0,64.98841857910156,33.13392639160156
dy,"(77.0, 78.0]",162.0,70.99700927734375,35.594940185546875
dy,"(78.0, 79.0]",155.0,72.7538833618164,37.04958724975586
dy,"(79.0, 80.0]",201.0,90.92572784423828,46.549903869628906
dy,"(80.0, 81.0]",196.0,86.14562225341797,43.148780822753906
dy,"(81.0, 82.0]",260.0,119.85286712646484,60.86655044555664
dy,"(82.0, 83.0]",315.0,142.92440795898438,72.1151123046875
dy,"(83.0, 84.0]",440.0,189.46353149414062,94.74311828613281
dy,"(84.0, 85.0]",555.0,243.47872924804688,121.78913116455078
dy,"(85.0, 86.0]",755.0,327.98870849609375,163.8880615234375
dy,"(86.0, 87.0]",1056.0,467.35687255859375,235.40342712402344
dy,"(87.0, 88.0]",1591.0,692.0344848632812,344.8226318359375
dy,"(88.0, 89.0]",2547.0,1114.684326171875,558.8907470703125
dy,"(89.0, 90.0]",3899.0,1711.95361328125,857.1327514648438
dy,"(90.0, 91.0]",5206.0,2271.357177734375,1136.03076171875
dy,"(91.0, 92.0]",5244.0,2298.6123046875,1155.2633056640625
dy,"(92.0, 93.0]",4015.0,1744.2872314453125,870.7847900390625
dy,"(93.0, 94.0]",2563.0,1124.91162109375,564.3052368164062
dy,"(94.0, 95.0]",1529.0,679.8120727539062,344.14849853515625
dy,"(95.0, 96.0]",951.0,416.800537109375,208.35482788085938
dy,"(96.0, 97.0]",678.0,295.5871887207031,148.1068115234375
dy,"(97.0, 98.0]",416.0,178.6459197998047,88.8154067993164
dy,"(98.0, 99.0]",311.0,135.72503662109375,67.55506134033203
dy,"(99.0, 100.0]",249.0,112.96751403808594,57.73546600341797
dy,"(100.0, 101.0]",173.0,75.29430389404297,37.687435150146484
dy,"(101.0, 102.0]",163.0,70.80615234375,35.34548568725586
dy,"(102.0, 103.0]",122.0,51.83867263793945,25.66249656677246
dy,"(103.0, 104.0]",106.0,46.267982482910156,22.955930709838867
dy,"(104.0, 105.0]",74.0,34.070003509521484,17.078670501708984
dy,"(105.0, 106.0]",82.0,35.44831085205078,17.62379264831543
dy,"(106.0, 107.0]",75.0,32.33997344970703,16.029457092285156
dy,"(107.0, 108.0]",66.0,30.917776107788086,15.928008079528809
dy,"(108.0, 109.0]",58.0,24.985427856445312,12.373002052307129
dy,"(109.0, 110.0]",51.0,24.058368682861328,12.247478485107422
dy,"(110.0, 111.0]",41.0,18.48348617553711,9.279943466186523
dy,"(111.0, 112.0]",41.0,19.208332061767578,9.899840354919434
dy,"(112.0, 113.0]",34.0,15.540236473083496,7.726177215576172
dy,"(113.0, 114.0]",32.0,13.57360553741455,6.792914390563965
dy,"(114.0, 115.0]",26.0,11.57461929321289,5.750221252441406
dy,"(115.0, 116.0]",23.0,9.519292831420898,4.65897274017334
dy,"(116.0, 117.0]",28.0,13.912171363830566,7.353211402893066
dy,"(117.0, 118.0]",13.0,5.911970615386963,2.9581449031829834
dy,"(118.0, 119.0]",17.0,6.906482696533203,3.4517641067504883
dy,"(119.0, 120.0]",11.0,5.094998836517334,2.603456497192383
dy,"(120.0, inf]",577.0,242.42433166503906,119.61236572265625
qcd,"(-inf, 60.0]",0.0,0.0,0.0
qcd,"(60.0, 61.0]",0.0,0.0,0.0
qcd,"(61.0, 62.0]",0.0,0.0,0.0
qcd,"(62.0, 63.0]",0.0,0.0,0.0
qcd,"(63.0, 64.0]",0.0,0.0,0.0
qcd,"(64.0, 65.0]",0.0,0.0,0.0
qcd,"(65.0, 66.0]",0.0,0.0,0.0
qcd,"(66.0, 67.0]",0.0,0.0,0.0
qcd,"(67.0, 68.0]",0.0,0.0,0.0
qcd,"(68.0, 69.0]",0.0,0.0,0.0
qcd,"(69.0, 70.0]",0.0,0.0,0.0
qcd,"(70.0, 71.0]",0.0,0.0,0.0
qcd,"(71.0, 72.0]",0.0,0.0,0.0
qcd,"(72.0, 73.0]",0.0,0.0,0.0
qcd,"(73.0, 74.0]",0.0,0.0,0.0
qcd,"(74.0, 75.0]",0.0,0.0,0.0
qcd,"(75.0, 76.0]",0.0,0.0,0.0
qcd,"(76.0, 77.0]",0.0,0.0,0.0
qcd,"(77.0, 78.0]",0.0,0.0,0.0
qcd,"(78.0, 79.0]",0.0,0.0,0.0
qcd,"(79.0, 80.0]",0.0,0.0,0.0
qcd,"(80.0, 81.0]",0.0,0.0,0.0
qcd,"(81.0, 82.0]",0.0,0.0,0.0
qcd,"(82.0, 83.0]",0.0,0.0,0.0
qcd,"(83.0, 84.0]",0.0,0.0,0.0
qcd,"(84.0, 85.0]",0.0,0.0,0.0
qcd,"(85.0, 86.0]",0.0,0.0,0.0
qcd,"(86.0, 87.0]",0.0,0.0,0.0
qcd,"(87.0, 88.0]",0.0,0.0,0.0
qcd,"(88.0, 89.0]",0.0,0.0,0.0
qcd,"(89.0, 90.0]",0.0,0.0,0.0
qcd,"(90.0, 91.0]",0.0,0.0,0.0
qcd,"(91.0, 92.0]",0.0,0.0,0.0
qcd,"(92.0, 93.0]",0.0,0.0,0.0
qcd,"(93.0, 94.0]",0.0,0.0,0.0
qcd,"(94.0, 95.0]",0.0,0.0,0.0
qcd,"(95.0, 96.0]",0.0,0.0,0.0
qcd,"(96.0, 97.0]",0.0,0.0,0.0
qcd,"(97.0, 98.0]",0.0,0.0,0.0
qcd,"(98.0, 99.0]",0.0,0.0,0.0
qcd,"(99.0, 100.0]",0.0,0.0,0.0
qcd,"(100.0, 101.0]",0.0,0.0,0.0
qcd,"(101.0, 102.0]",0.0,0.0,0.0
qcd,"(102.0, 103.0]",0.0,0.0,0.0
qcd,"(103.0, 104.0]",0.0,0.0,0.0
qcd,"(104.0, 105.0]",0.0,0.0,0.0
qcd,"(105.0, 106.0]",0.0,0.0,0.0
qcd,"(106.0, 107.0]",0.0,0.0,0.0
qcd,"(107.0, 108.0]",0.0,0.0,0.0
qcd,"(108.0, 109.0]",0.0,0.0,0.0
qcd,"(109.0, 110.0]",0.0,0.0,0.0
qcd,"(110.0, 111.0]",0.0,0.0,0.0
qcd,"(111.0, 112.0]",0.0,0.0,0.0
qcd,"(112.0, 113.0]",0.0,0.0,0.0
qcd,"(113.0, 114.0]",0.0,0.0,0.0
qcd,"(114.0, 115.0]",0.0,0.0,0.0
qcd,"(115.0, 116.0]",0.0,0.0,0.0
qcd,"(116.0, 117.0]",0.0,0.0,0.0
qcd,"(117.0, 118.0]",0.0,0.0,0.0
qcd,"(118.0, 119.0]",0.0,0.0,0.0
qcd,"(119.0, 120.0]",0.0,0.0,0.0
qcd,"(120.0, inf]",0.0,0.0,0.0
single_top,"(-inf, 60.0]",32.0,1.7410409450531006,0.10068200528621674
single_top,"(60.0, 61.0]",1.0,0.06528829038143158,0.0042625609785318375
single_top,"(61.0, 62.0]",1.0,0.0058309175074100494,3.39996004186105e-05
single_top,"(62.0, 63.0]",0.0,0.0,0.0
single_top,"(63.0, 64.0]",0.0,0.0,0.0
single_top,"(64.0, 65.0]",0.0,0.0,0.0
single_top,"(65.0, 66.0]",2.0,0.09370043128728867,0.005054735578596592
single_top,"(66.0, 67.0]",0.0,0.0,0.0
single_top,"(67.0, 68.0]",1.0,0.000651773065328598,4.2480812112444255e-07
single_top,"(68.0, 69.0]",0.0,0.0,0.0
single_top,"(69.0, 70.0]",2.0,0.1257420778274536,0.007915318012237549
single_top,"(70.0, 71.0]",0.0,0.0,0.0
single_top,"(71.0, 72.0]",1.0,0.0180727019906044,0.0003266225685365498
single_top,"(72.0, 73.0]",0.0,0.0,0.0
single_top,"(73.0, 74.0]",0.0,0.0,0.0
single_top,"(74.0, 75.0]",1.0,0.06564342975616455,0.004309060052037239
single_top,"(75.0, 76.0]",0.0,0.0,0.0
single_top,"(76.0, 77.0]",2.0,0.1275773048400879,0.008142482489347458
single_top,"(77.0, 78.0]",1.0,0.05972770228981972,0.003567398525774479
single_top,"(78.0, 79.0]",1.0,0.05972770228981972,0.003567398525774479
single_top,"(79.0, 80.0]",0.0,0.0,0.0
single_top,"(80.0, 81.0]",1.0,0.059099603444337845,0.0034927630331367254
single_top,"(81.0, 82.0]",2.0,0.07135742157697678,0.003812171285971999
single_top,"(82.0, 83.0]",1.0,0.06508274376392365,0.004235763568431139
single_top,"(83.0, 84.0]",0.0,0.0,0.0
single_top,"(84.0, 85.0]",0.0,0.0,0.0
single_top,"(85.0, 86.0]",0.0,0.0,0.0
single_top,"(86.0, 87.0]",0.0,0.0,0.0
single_top,"(87.0, 88.0]",2.0,0.12312950193881989,0.007581486366689205
single_top,"(88.0, 89.0]",0.0,0.0,0.0
single_top,"(89.0, 90.0]",1.0,0.02877335622906685,0.0008279060130007565
single_top,"(90.0, 91.0]",1.0,0.06084049120545387,0.003701565321534872
single_top,"(91.0, 92.0]",0.0,0.0,0.0
single_top,"(92.0, 93.0]",1.0,0.06543676555156708,0.004281970206648111
single_top,"(93.0, 94.0]",0.0,0.0,0.0
single_top,"(94.0, 95.0]",1.0,0.02861768752336502,0.000818972010165453
single_top,"(95.0, 96.0]",0.0,0.0,0.0
single_top,"(96.0, 97.0]",1.0,0.06117143854498863,0.003741944907233119
single_top,"(97.0, 98.0]",0.0,0.0,0.0
single_top,"(98.0, 99.0]",0.0,0.0,0.0
single_top,"(99.0, 100.0]",2.0,0.13915032148361206,0.009833995252847672
single_top,"(100.0, 101.0]",1.0,0.06508274376392365,0.004235763568431139
single_top,"(101.0, 102.0]",1.0,0.060052599757909775,0.0036063147708773613
single_top,"(102.0, 103.0]",0.0,0.0,0.0
single_top,"(103.0, 104.0]",0.0,0.0,0.0
single_top,"(104.0, 105.0]",1.0,0.023012667894363403,0.0005295829032547772
single_top,"(105.0, 106.0]",0.0,0.0,0.0
single_top,"(106.0, 107.0]",0.0,0.0,0.0
single_top,"(107.0, 108.0]",1.0,0.02861768752336502,0.000818972010165453
single_top,"(108.0, 109.0]",0.0,0.0,0.0
single_top,"(109.0, 110.0]",2.0,0.06270360946655273,0.002574312034994364
single_top,"(110.0, 111.0]",0.0,0.0,0.0
single_top,"(111.0, 112.0]",2.0,0.06912831217050552,0.0032425590325146914
single_top,"(112.0, 113.0]",0.0,0.0,0.0
single_top,"(113.0, 114.0]",0.0,0.0,0.0
single_top,"(114.0, 115.0]",0.0,0.0,0.0
single_top,"(115.0, 116.0]",1.0,0.058769624680280685,0.0034538686741143465
single_top,"(116.0, 117.0]",0.0,0.0,0.0
single_top,"(117.0, 118.0]",0.0,0.0,0.0
single_top,"(118.0, 119.0]",2.0,0.10601207613945007,0.005910973530262709
single_top,"(119.0, 120.0]",1.0,0.06508274376392365,0.004235763568431139
single_top,"(120.0, inf]",40.0,2.0721099376678467,0.11870798468589783
ttbar,"(-inf, 60.0]",49.0,11.392979621887207,3.0720505714416504
ttbar,"(60.0, 61.0]",3.0,0.8404315114021301,0.23648963868618011
ttbar,"(61.0, 62.0]",2.0,0.31970882415771484,0.07598567008972168
ttbar,"(62.0, 63.0]",1.0,0.27443209290504456,0.07531297206878662
ttbar,"(63.0, 64.0]",0.0,0.0,0.0
ttbar,"(64.0, 65.0]",3.0,0.8472236394882202,0.24051854014396667
ttbar,"(65.0, 66.0]",2.0,0.35266679525375366,0.07976268231868744
ttbar,"(66.0, 67.0]",2.0,0.5700114369392395,0.16290506720542908
ttbar,"(67.0, 68.0]",3.0,0.8177039623260498,0.2264108806848526
ttbar,"(68.0, 69.0]",3.0,0.7531064748764038,0.19426992535591125
ttbar,"(69.0, 70.0]",0.0,0.0,0.0
ttbar,"(70.0, 71.0]",2.0,0.5785820484161377,0.16756856441497803
ttbar,"(71.0, 72.0]",1.0,0.29318928718566895,0.08595995604991913
ttbar,"(72.0, 73.0]",3.0,0.6080283522605896,0.15226984024047852
ttbar,"(73.0, 74.0]",4.0,0.6267663240432739,0.152695432305336
ttbar,"(74.0, 75.0]",0.0,0.0,0.0
ttbar,"(75.0, 76.0]",0.0,0.0,0.0
ttbar,"(76.0, 77.0]",2.0,0.5634053945541382,0.15875327587127686
ttbar,"(77.0, 78.0]",2.0,0.3418513834476471,0.08849434554576874
ttbar,"(78.0, 79.0]",4.0,0.5234962105751038,0.10866417735815048
ttbar,"(79.0, 80.0]",2.0,0.5241749286651611,0.14025157690048218
ttbar,"(80.0, 81.0]",0.0,0.0,0.0
ttbar,"(81.0, 82.0]",1.0,0.19247379899024963,0.0370461642742157
ttbar,"(82.0, 83.0]",2.0,0.5539771318435669,0.1534584015607834
ttbar,"(83.0, 84.0]",1.0,0.27443209290504456,0.07531297206878662
ttbar,"(84.0, 85.0]",3.0,0.7986069917678833,0.2155645489692688
ttbar,"(85.0, 86.0]",3.0,0.8565946817398071,0.24471324682235718
ttbar,"(86.0, 87.0]",1.0,0.2700299918651581,0.0729161947965622
ttbar,"(87.0, 88.0]",3.0,0.5815805792808533,0.14485086500644684
ttbar,"(88.0, 89.0]",0.0,0.0,0.0
ttbar,"(89.0, 90.0]",1.0,0.29903700947761536,0.08942313492298126
ttbar,"(90.0, 91.0]",3.0,0.5546468496322632,0.14615799486637115
ttbar,"(91.0, 92.0]",0.0,0.0,0.0
ttbar,"(92.0, 93.0]",3.0,0.5994352698326111,0.13426394760608673
ttbar,"(93.0, 94.0]",0.0,0.0,0.0
ttbar,"(94.0, 95.0]",0.0,0.0,0.0
ttbar,"(95.0, 96.0]",2.0,0.5925660133361816,0.17558243870735168
ttbar,"(96.0, 97.0]",1.0,0.18805882334709167,0.03536612167954445
ttbar,"(97.0, 98.0]",0.0,0.0,0.0
ttbar,"(98.0, 99.0]",1.0,0.27443209290504456,0.07531297206878662
ttbar,"(99.0, 100.0]",2.0,0.3012235164642334,0.07603075355291367
ttbar,"(100.0, 101.0]",1.0,0.1608259081840515,0.025864973664283752
ttbar,"(101.0, 102.0]",1.0,0.27954503893852234,0.07814542949199677
ttbar,"(102.0, 103.0]",0.0,0.0,0.0
ttbar,"(103.0, 104.0]",1.0,0.286200612783432,0.08191078901290894
ttbar,"(104.0, 105.0]",0.0,0.0,0.0
ttbar,"(105.0, 106.0]",2.0,0.5495750308036804,0.15106162428855896
ttbar,"(106.0, 107.0]",1.0,0.19247379899024963,0.0370461642742157
ttbar,"(107.0, 108.0]",2.0,0.5636060833930969,0.15910091996192932
ttbar,"(108.0, 109.0]",1.0,0.1608259081840515,0.025864973664283752
ttbar,"(109.0, 110.0]",1.0,0.286200612783432,0.08191078901290894
ttbar,"(110.0, 111.0]",0.0,0.0,0.0
ttbar,"(111.0, 112.0]",1.0,0.29352903366088867,0.08615929633378983
ttbar,"(112.0, 113.0]",2.0,0.41103529930114746,0.09543512016534805
ttbar,"(113.0, 114.0]",1.0,0.19247379899024963,0.0370461642742157
ttbar,"(114.0, 115.0]",1.0,0.08258975297212601,0.006821067072451115
ttbar,"(115.0, 116.0]",2.0,0.5867183208465576,0.17211925983428955
ttbar,"(116.0, 117.0]",2.0,0.30583837628364563,0.08229643106460571
ttbar,"(117.0, 118.0]",1.0,0.286200612783432,0.08191078901290894
ttbar,"(118.0, 119.0]",0.0,0.0,0.0
ttbar,"(119.0, 120.0]",0.0,0.0,0.0
ttbar,"(120.0, inf]",71.0,16.091196060180664,4.300868988037109
wjets,"(-inf, 60.0]",1.0,0.3119172751903534,0.09729238599538803
wjets,"(60.0, 61.0]",0.0,0.0,0.0
wjets,"(61.0, 62.0]",0.0,0.0,0.0
wjets,"(62.0, 63.0]",0.0,0.0,0.0
wjets,"(63.0, 64.0]",0.0,0.0,0.0
wjets,"(64.0, 65.0]",0.0,0.0,0.0
wjets,"(65.0, 66.0]",0.0,0.0,0.0
wjets,"(66.0, 67.0]",0.0,0.0,0.0
wjets,"(67.0, 68.0]",0.0,0.0,0.0
wjets,"(68.0, 69.0]",0.0,0.0,0.0
wjets,"(69.0, 70.0]",0.0,0.0,0.0
wjets,"(70.0, 71.0]",0.0,0.0,0.0
wjets,"(71.0, 72.0]",0.0,0.0,0.0
wjets,"(72.0, 73.0]",0.0,0.0,0.0
wjets,"(73.0, 74.0]",0.0,0.0,0.0
wjets,"(74.0, 75.0]",0.0,0.0,0.0
wjets,"(75.0, 76.0]",0.0,0.0,0.0
wjets,"(76.0, 77.0]",0.0,0.0,0.0
wjets,"(77.0, 78.0]",0.0,0.0,0.0
wjets,"(78.0, 79.0]",0.0,0.0,0.0
wjets,"(79.0, 80.0]",0.0,0.0,0.0
wjets,"(80.0, 81.0]",0.0,0.0,0.0
wjets,"(81.0, 82.0]",0.0,0.0,0.0
wjets,"(82.0, 83.0]",0.0,0.0,0.0
wjets,"(83.0, 84.0]",0.0,0.0,0.0
wjets,"(84.0, 85.0]",0.0,0.0,0.0
wjets,"(85.0, 86.0]",0.0,0.0,0.0
wjets,"(86.0, 87.0]",0.0,0.0,0.0
wjets,"(87.0, 88.0]",0.0,0.0,0.0
wjets,"(88.0, 89.0]",0.0,0.0,0.0
wjets,"(89.0, 90.0]",0.0,0.0,0.0
wjets,"(90.0, 91.0]",0.0,0.0,0.0
wjets,"(91.0, 92.0]",0.0,0.0,0.0
wjets,"(92.0, 93.0]",0.0,0.0,0.0
wjets,"(93.0, 94.0]",0.0,0.0,0.0
wjets,"(94.0, 95.0]",0.0,0.0,0.0
wjets,"(95.0, 96.0]",0.0,0.0,0.0
wjets,"(96.0, 97.0]",0.0,0.0,0.0
wjets,"(97.0, 98.0]",0.0,0.0,0.0
wjets,"(98.0, 99.0]",0.0,0.0,0.0
wjets,"(99.0, 100.0]",0.0,0.0,0.0
wjets,"(100.0, 101.0]",0.0,0.0,0.0
wjets,"(101.0, 102.0]",0.0,0.0,0.0
wjets,"(102.0, 103.0]",0.0,0.0,0.0
wjets,"(103.0, 104.0]",0.0,0.0,0.0
wjets,"(104.0, 105.0]",0.0,0.0,0.0
wjets,"(105.0, 106.0]",0.0,0.0,0.0
wjets,"(106.0, 107.0]",0.0,0.0,0.0
wjets,"(107.0, 108.0]",0.0,0.0,0.0
wjets,"(108.0, 109.0]",0.0,0.0,0.0
wjets,"(109.0, 110.0]",0.0,0.0,0.0
wjets,"(110.0, 111.0]",0.0,0.0,0.0
wjets,"(111.0, 112.0]",0.0,0.0,0.0
wjets,"(112.0, 113.0]",0.0,0.0,0.0
wjets,"(113.0, 114.0]",0.0,0.0,0.0
wjets,"(114.0, 115.0]",0.0,0.0,0.0
wjets,"(115.0, 116.0]",0.0,0.0,0.0
wjets,"(116.0, 117.0]",0.0,0.0,0.0
wjets,"(117.0, 118.0]",0.0,0.0,0.0
wjets,"(118.0, 119.0]",0.0,0.0,0.0
wjets,"(119.0, 120.0]",0.0,0.0,0.0
wjets,"(120.0, inf]",0.0,0.0,0.0
ww,"(-inf, 60.0]",61.0,3.6002206802368164,0.22147376835346222
ww,"(60.0, 61.0]",1.0,0.06328409165143967,0.0040048761293292046
ww,"(61.0, 62.0]",2.0,0.10205331444740295,0.005617056507617235
ww,"(62.0, 63.0]",1.0,0.0684838593006134,0.004690038971602917
ww,"(63.0, 64.0]",3.0,0.19425803422927856,0.012601343914866447
ww,"(64.0, 65.0]",1.0,0.06533778458833694,0.004269026219844818
ww,"(65.0, 66.0]",2.0,0.1302240639925003,0.008499076589941978
ww,"(66.0, 67.0]",2.0,0.1286676824092865,0.008292019367218018
ww,"(67.0, 68.0]",1.0,0.06381835788488388,0.0040727825835347176
ww,"(68.0, 69.0]",1.0,0.024008437991142273,0.0005764050874859095
ww,"(69.0, 70.0]",0.0,0.0,0.0
ww,"(70.0, 71.0]",3.0,0.16093775629997253,0.009486819617450237
ww,"(71.0, 72.0]",1.0,0.0684838593006134,0.004690038971602917
ww,"(72.0, 73.0]",3.0,0.1913187950849533,0.012217179872095585
ww,"(73.0, 74.0]",2.0,0.12361268699169159,0.007640092633664608
ww,"(74.0, 75.0]",2.0,0.08278003334999084,0.004871146287769079
ww,"(75.0, 76.0]",4.0,0.2519568204879761,0.015912573784589767
ww,"(76.0, 77.0]",3.0,0.18273429572582245,0.011285022832453251
ww,"(77.0, 78.0]",2.0,0.1320866048336029,0.008733337745070457
ww,"(78.0, 79.0]",3.0,0.13170978426933289,0.00847005844116211
ww,"(79.0, 80.0]",3.0,0.1446288824081421,0.008266805671155453
ww,"(80.0, 81.0]",1.0,0.018854716792702675,0.00035550034954212606
ww,"(81.0, 82.0]",3.0,0.03165978193283081,0.00036969914799556136
ww,"(82.0, 83.0]",1.0,0.06701081246137619,0.004490449093282223
ww,"(83.0, 84.0]",2.0,0.12329227477312088,0.0076004923321306705
ww,"(84.0, 85.0]",2.0,0.05557025223970413,0.0017035307828336954
ww,"(85.0, 86.0]",0.0,0.0,0.0
ww,"(86.0, 87.0]",4.0,0.20476612448692322,0.01295331958681345
ww,"(87.0, 88.0]",4.0,0.11242814362049103,0.004924234002828598
ww,"(88.0, 89.0]",1.0,0.024008437991142273,0.0005764050874859095
ww,"(89.0, 90.0]",10.0,0.46356046199798584,0.026960795745253563
ww,"(90.0, 91.0]",1.0,0.06328409165143967,0.0040048761293292046
ww,"(91.0, 92.0]",0.0,0.0,0.0
ww,"(92.0, 93.0]",1.0,0.06693325191736221,0.004480060189962387
ww,"(93.0, 94.0]",1.0,0.06381835788488388,0.0040727825835347176
ww,"(94.0, 95.0]",3.0,0.19400547444820404,0.012561045587062836
ww,"(95.0, 96.0]",3.0,0.1953025460243225,0.01273604016751051
ww,"(96.0, 97.0]",1.0,0.0009290438028983772,8.631224091004697e-07
ww,"(97.0, 98.0]",2.0,0.09383675456047058,0.004973886534571648
ww,"(98.0, 99.0]",3.0,0.15263031423091888,0.008850307203829288
ww,"(99.0, 100.0]",1.0,0.0061163147911429405,3.740930696949363e-05
ww,"(100.0, 101.0]",1.0,0.06701081246137619,0.004490449093282223
ww,"(101.0, 102.0]",3.0,0.17260822653770447,0.010222790762782097
ww,"(102.0, 103.0]",0.0,0.0,0.0
ww,"(103.0, 104.0]",1.0,0.06265110522508621,0.003925160970538855
ww,"(104.0, 105.0]",1.0,0.06701081246137619,0.004490449093282223
ww,"(105.0, 106.0]",1.0,0.06826825439929962,0.004660554695874453
ww,"(106.0, 107.0]",1.0,0.061955809593200684,0.003838522359728813
ww,"(107.0, 108.0]",1.0,0.06701081246137619,0.004490449093282223
ww,"(108.0, 109.0]",2.0,0.13227103650569916,0.008749086409807205
ww,"(109.0, 110.0]",2.0,0.06626682728528976,0.004269889555871487
ww,"(110.0, 111.0]",3.0,0.18717174232006073,0.011680811643600464
ww,"(111.0, 112.0]",4.0,0.193478524684906,0.009593885391950607
ww,"(112.0, 113.0]",0.0,0.0,0.0
ww,"(113.0, 114.0]",2.0,0.09828665107488632,0.005561658646911383
ww,"(114.0, 115.0]",1.0,0.001745029934681952,3.045129460588214e-06
ww,"(115.0, 116.0]",1.0,0.06328409165143967,0.0040048761293292046
ww,"(116.0, 117.0]",1.0,0.06328409165143967,0.0040048761293292046
ww,"(117.0, 118.0]",2.0,0.09197420626878738,0.004739626310765743
ww,"(118.0, 119.0]",0.0,0.0,0.0
ww,"(119.0, 120.0]",1.0,0.002389896661043167,5.7116062635031994e-06
ww,"(120.0, inf]",70.0,3.262568950653076,0.19040432572364807
wz,"(-inf, 60.0]",15.0,0.32091423869132996,0.007841786369681358
wz,"(60.0, 61.0]",2.0,0.05332765728235245,0.001424323534592986
wz,"(61.0, 62.0]",0.0,0.0,0.0
wz,"(62.0, 63.0]",2.0,0.038696736097335815,0.0008438943768851459
wz,"(63.0, 64.0]",0.0,0.0,0.0
wz,"(64.0, 65.0]",3.0,0.08164156973361969,0.002226001350209117
wz,"(65.0, 66.0]",0.0,0.0,0.0
wz,"(66.0, 67.0]",3.0,0.05998776853084564,0.0015569410752505064
wz,"(67.0, 68.0]",0.0,0.0,0.0
wz,"(68.0, 69.0]",2.0,0.042326100170612335,0.0009662088705226779
wz,"(69.0, 70.0]",1.0,0.025695860385894775,0.0006602772627957165
wz,"(70.0, 71.0]",1.0,0.00781989935785532,6.115082942415029e-05
wz,"(71.0, 72.0]",5.0,0.12333376705646515,0.0031584289390593767
wz,"(72.0, 73.0]",0.0,0.0,0.0
wz,"(73.0, 74.0]",0.0,0.0,0.0
wz,"(74.0, 75.0]",2.0,0.03945157676935196,0.0007827235385775566
wz,"(75.0, 76.0]",2.0,0.05332765728235245,0.001424323534592986
wz,"(76.0, 77.0]",2.0,0.045322638005018234,0.0010664481669664383
wz,"(77.0, 78.0]",2.0,0.038696736097335815,0.0008438943768851459
wz,"(78.0, 79.0]",3.0,0.05292460322380066,0.001389509649015963
wz,"(79.0, 80.0]",3.0,0.0809798538684845,0.0021897004917263985
wz,"(80.0, 81.0]",3.0,0.05416525527834892,0.001251707086339593
wz,"(81.0, 82.0]",5.0,0.11026857048273087,0.0025356849655508995
wz,"(82.0, 83.0]",6.0,0.09533867985010147,0.002259757835417986
wz,"(83.0, 84.0]",7.0,0.15885040163993835,0.0037427893839776516
wz,"(84.0, 85.0]",6.0,0.11418205499649048,0.002492205472663045
wz,"(85.0, 86.0]",9.0,0.19813202321529388,0.004953763447701931
wz,"(86.0, 87.0]",11.0,0.22553811967372894,0.005958067253232002
wz,"(87.0, 88.0]",31.0,0.6800217032432556,0.01716761477291584
wz,"(88.0, 89.0]",43.0,0.8971195220947266,0.022517241537570953
wz,"(89.0, 90.0]",66.0,1.3809895515441895,0.03414858132600784
wz,"(90.0, 91.0]",74.0,1.6458724737167358,0.042289845645427704
wz,"(91.0, 92.0]",81.0,1.731191873550415,0.04298301041126251
wz,"(92.0, 93.0]",67.0,1.455353856086731,0.037024203687906265
wz,"(93.0, 94.0]",40.0,0.8054419755935669,0.01957661472260952
wz,"(94.0, 95.0]",19.0,0.32240840792655945,0.00736615527421236
wz,"(95.0, 96.0]",16.0,0.3499264121055603,0.008783774450421333
wz,"(96.0, 97.0]",8.0,0.21145030856132507,0.00559252081438899
wz,"(97.0, 98.0]",8.0,0.16273072361946106,0.003915335517376661
wz,"(98.0, 99.0]",5.0,0.0955364927649498,0.002128067659214139
wz,"(99.0, 100.0]",5.0,0.10648050904273987,0.0025340174324810505
wz,"(100.0, 101.0]",4.0,0.10515184700489044,0.0027701943181455135
wz,"(101.0, 102.0]",1.0,0.018224122002720833,0.00033211862319149077
wz,"(102.0, 103.0]",3.0,0.06271922588348389,0.0014209744986146688
wz,"(103.0, 104.0]",0.0,0.0,0.0
wz,"(104.0, 105.0]",1.0,0.02402249164879322,0.0005770801217295229
wz,"(105.0, 106.0]",2.0,0.0542607456445694,0.0014729907270520926
wz,"(106.0, 107.0]",3.0,0.04215250164270401,0.0008990531787276268
wz,"(107.0, 108.0]",1.0,0.01522758323699236,0.00023187929764389992
wz,"(108.0, 109.0]",0.0,0.0,0.0
wz,"(109.0, 110.0]",2.0,0.036472469568252563,0.0007320820586755872
wz,"(110.0, 111.0]",1.0,0.025984231382608414,0.0006751802866347134
wz,"(111.0, 112.0]",0.0,0.0,0.0
wz,"(112.0, 113.0]",0.0,0.0,0.0
wz,"(113.0, 114.0]",1.0,0.025571878999471664,0.0006539209862239659
wz,"(114.0, 115.0]",2.0,0.04692331701517105,0.001110882149077952
wz,"(115.0, 116.0]",1.0,0.0270985160022974,0.000734329572878778
wz,"(116.0, 117.0]",0.0,0.0,0.0
wz,"(117.0, 118.0]",0.0,0.0,0.0
wz,"(118.0, 119.0]",0.0,0.0,0.0
wz,"(119.0, 120.0]",1.0,0.026468344032764435,0.0007005732622928917
wz,"(120.0, inf]",42.0,0.7820355296134949,0.018419142812490463
zz,"(-inf, 60.0]",47.0,0.36005276441574097,0.0029807204846292734
zz,"(60.0, 61.0]",0.0,0.0,0.0
zz,"(61.0, 62.0]",0.0,0.0,0.0
zz,"(62.0, 63.0]",0.0,0.0,0.0
zz,"(63.0, 64.0]",1.0,0.009474805556237698,8.97719437489286e-05
zz,"(64.0, 65.0]",2.0,0.009539684280753136,6.654464232269675e-05
zz,"(65.0, 66.0]",1.0,0.004153072834014893,1.7248014046344906e-05
zz,"(66.0, 67.0]",3.0,0.015375133603811264,0.00010704516171244904
zz,"(67.0, 68.0]",2.0,0.017707381397485733,0.00015684476238675416
zz,"(68.0, 69.0]",0.0,0.0,0.0
zz,"(69.0, 70.0]",2.0,0.013615397736430168,9.866199252428487e-05
zz,"(70.0, 71.0]",3.0,0.021952882409095764,0.00017594006203580648
zz,"(71.0, 72.0]",3.0,0.021421927958726883,0.000174941640580073
zz,"(72.0, 73.0]",1.0,0.0026085677091032267,6.8046256274101324e-06
zz,"(73.0, 74.0]",3.0,0.027029719203710556,0.0002438219089526683
zz,"(74.0, 75.0]",2.0,0.0183105506002903,0.00016766494081821293
zz,"(75.0, 76.0]",2.0,0.018005091696977615,0.00016253773355856538
zz,"(76.0, 77.0]",6.0,0.041031673550605774,0.00034122340730391443
zz,"(77.0, 78.0]",1.0,0.008755413815379143,7.665727025596425e-05
zz,"(78.0, 79.0]",4.0,0.03540458157658577,0.00031394255347549915
zz,"(79.0, 80.0]",6.0,0.05072624236345291,0.0004322746826801449
zz,"(80.0, 81.0]",6.0,0.0357101708650589,0.00029238706338219345
zz,"(81.0, 82.0]",9.0,0.06994398683309555,0.0006127653177827597
zz,"(82.0, 83.0]",9.0,0.05798163264989853,0.00042108551133424044
zz,"(83.0, 84.0]",13.0,0.10724696516990662,0.0009266772540286183
zz,"(84.0, 85.0]",13.0,0.10128869116306305,0.0008760679047554731
zz,"(85.0, 86.0]",26.0,0.18711334466934204,0.001551921828649938
zz,"(86.0, 87.0]",44.0,0.3418828248977661,0.002911098999902606
zz,"(87.0, 88.0]",53.0,0.3930378258228302,0.0032923256512731314
zz,"(88.0, 89.0]",92.0,0.6890189051628113,0.0057410285808146
zz,"(89.0, 90.0]",120.0,0.8458929657936096,0.007036340888589621
zz,"(90.0, 91.0]",174.0,1.3326127529144287,0.011155609972774982
zz,"(91.0, 92.0]",143.0,0.9909234046936035,0.008074488490819931
zz,"(92.0, 93.0]",114.0,0.8037185072898865,0.006748746614903212
zz,"(93.0, 94.0]",84.0,0.6019977927207947,0.005047999322414398
zz,"(94.0, 95.0]",54.0,0.3958544135093689,0.0032598674297332764
zz,"(95.0, 96.0]",35.0,0.24081937968730927,0.0019876742735505104
zz,"(96.0, 97.0]",23.0,0.18527333438396454,0.0015974720008671284
zz,"(97.0, 98.0]",17.0,0.11932913213968277,0.0009740230743773282
zz,"(98.0, 99.0]",9.0,0.05808522179722786,0.0004404254141263664
zz,"(99.0, 100.0]",6.0,0.0362231582403183,0.00032365525839850307
zz,"(100.0, 101.0]",6.0,0.036623626947402954,0.0002796862681861967
zz,"(101.0, 102.0]",8.0,0.05286223068833351,0.0004363296611700207
zz,"(102.0, 103.0]",8.0,0.06308892369270325,0.0005300725460983813
zz,"(103.0, 104.0]",3.0,0.027274616062641144,0.0002484639990143478
zz,"(104.0, 105.0]",7.0,0.05132078006863594,0.00043850005022250116
zz,"(105.0, 106.0]",5.0,0.039451535791158676,0.00032905390253290534
zz,"(106.0, 107.0]",2.0,0.01757531240582466,0.0001545726991025731
zz,"(107.0, 108.0]",3.0,0.01739439181983471,0.0001298314455198124
zz,"(108.0, 109.0]",1.0,0.009444976225495338,8.920757682062685e-05
zz,"(109.0, 110.0]",1.0,0.008755413815379143,7.665727025596425e-05
zz,"(110.0, 111.0]",0.0,0.0,0.0
zz,"(111.0, 112.0]",1.0,0.009271008893847466,8.595160761615261e-05
zz,"(112.0, 113.0]",1.0,0.005079628434032202,2.580262480478268e-05
zz,"(113.0, 114.0]",2.0,0.01874581351876259,0.0001757235440891236
zz,"(114.0, 115.0]",2.0,0.009400805458426476,4.798982627107762e-05
zz,"(115.0, 116.0]",1.0,0.008667838759720325,7.513142918469384e-05
zz,"(116.0, 117.0]",0.0,0.0,0.0
zz,"(117.0, 118.0]",1.0,0.008528800681233406,7.274044037330896e-05
zz,"(118.0, 119.0]",1.0,0.0033215899020433426,1.1032959264412057e-05
zz,"(119.0, 120.0]",1.0,0.008755413815379143,7.665727025596425e-05
zz,"(120.0, inf]",45.0,0.32112088799476624,0.0026428773999214172
